<?xml version="1.0" encoding="UTF-8"?>
<beans:beans xmlns:beans="http://www.springframework.org/schema/beans" xmlns="http://www.springframework.org/schema/batch" xmlns:xsi="http://www.w3.org/2001/XMLSchema-instance" xsi:schemaLocation="http://www.springframework.org/schema/beans http://www.springframework.org/schema/beans/spring-beans.xsd http://www.springframework.org/schema/batch http://www.springframework.org/schema/batch/spring-batch.xsd">
  <job id="MNEOJ002-01-MX" incrementer="defaultIncrementer" job-repository="jobRepository">
  	<description>proceso de descarga de informacion de clientes </description>
    <listeners>
      <listener ref="interceptorJobExecutionListener"/>
    </listeners>
    
    <step id="ref_customer" parent="customer"></step>
    
  </job>
  
   <step id="customer">
   <tasklet>
   <chunk reader="readDb" writer="writeFile" commit-interval="1"></chunk>
   </tasklet>
   </step>
  
</beans:beans>
