<?xml version="1.0" encoding="UTF-8"?>
<beans:beans
	xmlns:beans="http://www.springframework.org/schema/beans"
	xmlns="http://www.springframework.org/schema/batch"
	xmlns:xsi="http://www.w3.org/2001/XMLSchema-instance"
	xsi:schemaLocation="http://www.springframework.org/schema/beans http://www.springframework.org/schema/beans/spring-beans.xsd http://www.springframework.org/schema/batch http://www.springframework.org/schema/batch/spring-batch.xsd">
	<job id="MNEOJ001-01-MX" incrementer="defaultIncrementer"
		job-repository="jobRepository">
		<description>job para carga de informacion en BD</description>
		<listeners>
			<listener ref="interceptorJobExecutionListener" />
		</listeners>
		
		<step id="ref_verificaArchivo" parent="verificaArchivo">
		<next on="COMPLETED" to="ref_uploadCustomers"/>
		</step>
		<step id="ref_uploadCustomers" parent="uploadCustomers"></step>
		
	</job>
	<step id="verificaArchivo">
	<tasklet ref="vArchivoVacio">
	
	</tasklet>
	</step>
	
	<step id="uploadCustomers">
		<tasklet>
			<chunk reader="readFile" processor="agregarCP" writer="writerDB" commit-interval="3"></chunk>
		</tasklet>
	</step>


</beans:beans>
